review,label
So happy with my purchase. The headphones is remarkable and well-crafted.,positive
Genuinely amazed by the quality of this phone. Packaging was superb.,positive
Do not buy this shipping. Design looks nothing like the photos. Absolute garbage.,negative
The jeans is even better than advertised. Absolutely worth the premium price tag.,positive
Neutral opinion on this team. Performance is consistent but not impressive. Not excited but not upset either.,neutral
The software exceeded every expectation I had. Every feature works as advertised.,positive
Horrible experience. The dish failed to do what it promised. Battery drains completely in under an hour.,negative
This is hands down the best API I have ever owned. Customer support was extremely responsive.,positive
For casual use the charger is fine. Performance has been consistent so far. Power users may want more.,neutral
The response is even better than advertised. Works seamlessly right out of the box.,positive
This is hands down the best dish I have ever owned. Setup was incredibly easy.,positive
The router is pathetic and confusing. Delivery was two weeks late. Very upset.,negative
Cheap build quality and broken results. This team is a disaster.,negative
This is hands down the best plugin I have ever owned. Customer support was extremely responsive.,positive
I bought this help desk as a gift and the recipient loved it. Works seamlessly right out of the box.,positive
Returned this app immediately. Setup took hours and still did not work. Total scam.,negative
"Decent enough staff for the price. Meets the stated specifications, nothing more. Fine if you are on a budget.",neutral
Horrible experience. The dashboard failed to do what it promised. Half the advertised features do not function.,negative
Incredibly impressed with this team. Highly polished experience from start to finish. Five stars easily.,positive
This sneakers broke within one month. Colors are dull and inaccurate. Never buying again.,negative
Ordered the pasta for a special occasion. It arrived broken. Delivery was two weeks late.,negative
"Average smartwatch. Interface is functional but dated. Does what it is supposed to, nothing more.",neutral
Just got my response and I am beyond satisfied. Customer support was extremely responsive.,positive
For casual use the plugin is fine. Sound is okay for background listening. Power users may want more.,neutral
The pasta is terrible and poorly-made. Materials feel like cheap plastic. Very upset.,negative
"The help desk does the job. Meets the stated specifications, nothing more. Would consider other options next time.",neutral
Incredibly impressed with this service. Sound quality is crystal clear. Five stars easily.,positive
Exceptional jacket. Performance improvement was immediately noticeable. Ordering another one for sure.,positive
The laptop is okay. Experience is fine for basic use cases. Nothing special but gets the job done.,neutral
Top tier speaker. Performance improvement was immediately noticeable. You will not be disappointed.,positive
"Not bad, not great. The dessert is a middle-of-the-road product. Delivery arrived within the estimated window.",neutral
Customer service was unhelpful when my sandwich malfunctioned. Interface crashes constantly.,negative
Solid build quality and outstanding performance. This dress delivers.,positive
Worst dish I have ever purchased. Materials feel like cheap plastic. Avoid at all costs.,negative
The response does the job. Sound is okay for background listening. Would consider other options next time.,neutral
Outstanding food. Colors are vibrant and accurate. Highly recommend to everyone.,positive
The software stopped working after four days. Specs listed are completely fabricated. Unacceptable.,negative
This service broke within one day. Interface crashes constantly. Never buying again.,negative
Worth every penny. This boots is remarkable and polished.,positive
"Average pizza. Battery life is neither great nor terrible. Does what it is supposed to, nothing more.",neutral
Save your money. This bag is dreadful junk. Fits terribly and is extremely uncomfortable.,negative
Top tier hat. Fits perfectly and feels comfortable. You will not be disappointed.,positive
Top tier monitor. The interface is intuitive and smooth. You will not be disappointed.,positive
Worth every penny. This food is impressive and powerful.,positive
This burger broke within two days. Absolutely not worth any amount of money. Never buying again.,negative
Genuinely amazed by the quality of this pizza. Performance improvement was immediately noticeable.,positive
The experience is defective and confusing. Specs listed are completely fabricated. Very upset.,negative
Used the update for one month now. Customer support responded after a few days. It is holding up okay.,neutral
The dessert is passable. Delivery arrived within the estimated window. Not something I would gift someone.,neutral
The monitor is passable. Battery life is neither great nor terrible. Not something I would gift someone.,neutral
This is hands down the best meal I have ever owned. No issues whatsoever after extended use.,positive
False advertising. This pasta is nothing like described. Fits terribly and is extremely uncomfortable.,negative
Terrible shipping. Materials feel like cheap plastic. Complete waste of money.,negative
Received my coffee on time. Customer support responded after a few days. Functionality is about average.,neutral
Genuinely amazed by the quality of this burger. Exceeded the listed specifications.,positive
Terrible delivery. Required five reboots just to get started. Complete waste of money.,negative
Just got my jacket and I am beyond satisfied. Customer support was extremely responsive.,positive
"Premium feel, premium results. This coffee is exceptional in every way.",positive
False advertising. This tool is nothing like described. Delivery was two weeks late.,negative
Save your money. This pizza is abysmal junk. Battery drains completely in under an hour.,negative
The salad is passable. Packaging was standard. Not something I would gift someone.,neutral
The smartwatch meets basic expectations. Setup took a fair amount of time. Would not rave about it.,neutral
The charger is defective and falls apart immediately. Performance is unbearably slow.,negative
The help desk has its pros and cons. Materials feel standard for the price. Ends up being about average.,neutral
I cannot believe this experience is sold legally. Failed completely after less than a week. Disgraceful.,negative
The camera works but feels a bit so-so. Experience is fine for basic use cases.,neutral
So happy with my purchase. The service is exceptional and responsive.,positive
I was skeptical at first but this response truly delivered. Customer support was extremely responsive.,positive
Decent enough coat for the price. Represents fair value but not great value. Fine if you are on a budget.,neutral
The sushi works but feels a bit passable. Performance has been consistent so far.,neutral
So happy with my purchase. The headphones is brilliant and responsive.,positive
The smartwatch stopped working after one day. Fits terribly and is extremely uncomfortable. Unacceptable.,negative
Just got my staff and I am beyond satisfied. Performance is lightning fast.,positive
This help desk broke within two weeks. Battery drains completely in under an hour. Never buying again.,negative
For casual use the camera is fine. Materials feel standard for the price. Power users may want more.,neutral
Terrible earbuds. Required five reboots just to get started. Complete waste of money.,negative
The product stopped working after a few uses. Performance degraded rapidly within days. Unacceptable.,negative
Used the jeans for the first use now. Design is generic but inoffensive. It is holding up okay.,neutral
Genuinely amazed by the quality of this restaurant. Performance improvement was immediately noticeable.,positive
I bought this plugin as a gift and the recipient loved it. The interface is intuitive and smooth.,positive
I bought this boots as a gift and the recipient loved it. Absolutely worth the premium price tag.,positive
Received my camera on time. Setup took a fair amount of time. Functionality is about average.,neutral
"Somewhat satisfied with the sushi. Meets the stated specifications, nothing more. Room for improvement.",neutral
This suit damaged my property. Performance is unbearably slow. Completely unacceptable.,negative
Acceptable quality for the price. The sushi is basic. Represents fair value but not great value.,neutral
Worth every penny. This salad is remarkable and efficient.,positive
Received my keyboard on time. Experience is fine for basic use cases. Functionality is about average.,neutral
Neutral opinion on this food. Customer support responded after a few days. Not excited but not upset either.,neutral
Somewhat satisfied with the bag. Battery life is neither great nor terrible. Room for improvement.,neutral
Customer service was unhelpful when my API malfunctioned. Specs listed are completely fabricated.,negative
My coat arrived quickly and works flawlessly. Build quality is phenomenal.,positive
The tablet works but feels a bit middling. Performance is acceptable for the price point.,neutral
For casual use the sushi is fine. Performance has been consistent so far. Power users may want more.,neutral
Horrible experience. The pizza failed to do what it promised. Setup took hours and still did not work.,negative
Extremely disappointed with this camera. Specs listed are completely fabricated.,negative
The headphones has its pros and cons. Design is generic but inoffensive. Ends up being about average.,neutral
Paid premium price for a worthless laptop. Required five reboots just to get started. Outrageous.,negative
Best decision I made this year was buying this interface. Performance improvement was immediately noticeable.,positive
Worst shirt I have ever purchased. Performance is unbearably slow. Avoid at all costs.,negative
Best decision I made this year was buying this boots. Battery life is outstanding.,positive
The experience is functional but unremarkable. Design is generic but inoffensive.,neutral
The headphones has its pros and cons. Customer support responded after a few days. Ends up being about average.,neutral
The team works as described. Performance has been consistent so far. Nothing to write home about.,neutral
Do not buy this monitor. Absolutely not worth any amount of money. Absolute garbage.,negative
Ordered the food for a special occasion. It arrived broken. Riddled with bugs and glitches throughout.,negative
This burger broke within one day. Arrived in damaged packaging. Never buying again.,negative
My dessert arrived quickly and works flawlessly. Setup was incredibly easy.,positive
"Nothing wrong with the smartwatch per se, but Customer support responded after a few days. Just underwhelming.",neutral
"Nothing wrong with the dessert per se, but Took some time to get working properly. Just underwhelming.",neutral
Just got my team and I am beyond satisfied. Colors are vibrant and accurate.,positive
Zero stars if I could. The headphones is abysmal and weak. Interface crashes constantly.,negative
"Not bad, not great. The product is a middle-of-the-road product. Interface is functional but dated.",neutral
Acceptable quality for the price. The shoes is ordinary. Colors are acceptable but a bit washed out.,neutral
Cheap build quality and awful results. This suit is a disaster.,negative
The speaker does the job. Customer support responded after a few days. Would consider other options next time.,neutral
The service stopped working after one day. Absolutely not worth any amount of money. Unacceptable.,negative
Extremely disappointed with this shoes. Half the advertised features do not function.,negative
The feature works but feels a bit unremarkable. Colors are acceptable but a bit washed out.,neutral
Decent enough app for the price. Customer support responded after a few days. Fine if you are on a budget.,neutral
I was skeptical at first but this pizza truly delivered. Build quality is phenomenal.,positive
"Average burger. Sound is okay for background listening. Does what it is supposed to, nothing more.",neutral
Cheap build quality and abysmal results. This camera is a disaster.,negative
The team has its pros and cons. Performance is consistent but not impressive. Ends up being about average.,neutral
The coffee exceeded every expectation I had. Colors are vibrant and accurate.,positive
Customer service was unhelpful when my response malfunctioned. Battery drains completely in under an hour.,negative
"I have mixed feelings about this shipping. Interface is functional but dated. Some good, some bad.",neutral
The hoodie is even better than advertised. Highly polished experience from start to finish.,positive
"Wow, this subscription blew me away. Setup was incredibly easy. Will definitely recommend.",positive
Just got my team and I am beyond satisfied. Delivery was faster than expected.,positive
Horrible experience. The dessert failed to do what it promised. Interface crashes constantly.,negative
Cannot believe how good this smartwatch is for the price. Highly polished experience from start to finish.,positive
This headphones broke within one month. Performance is unbearably slow. Never buying again.,negative
The smartwatch is passable. Interface is functional but dated. Not something I would gift someone.,neutral
Absolutely love this headphones. Every feature works as advertised. Would buy again.,positive
Cheap build quality and shoddy results. This burger is a disaster.,negative
Decent enough phone for the price. Took some time to get working properly. Fine if you are on a budget.,neutral
Do not buy this update. Customer support was completely useless. Absolute garbage.,negative
This is hands down the best experience I have ever owned. Sound quality is crystal clear.,positive
Regret buying this tool every single day. Failed completely after less than a week.,negative
So happy with my purchase. The pasta is brilliant and durable.,positive
"Average staff. Build quality is about average. Does what it is supposed to, nothing more.",neutral
Best decision I made this year was buying this feature. No issues whatsoever after extended use.,positive
"Premium feel, premium results. This sushi is excellent in every way.",positive
False advertising. This interface is nothing like described. Battery drains completely in under an hour.,negative
Do not buy this restaurant. Absolutely not worth any amount of money. Absolute garbage.,negative
The app works as described. Materials feel standard for the price. Nothing to write home about.,neutral
I bought this hoodie as a gift and the recipient loved it. Works seamlessly right out of the box.,positive
Acceptable quality for the price. The charger is mediocre. Packaging was standard.,neutral
Received my dress on time. Features work but feel unpolished. Functionality is about average.,neutral
Acceptable quality for the price. The shipping is ordinary. Performance has been consistent so far.,neutral
So happy with my purchase. The platform is premium and sleek.,positive
For casual use the platform is fine. Design is generic but inoffensive. Power users may want more.,neutral
The restaurant works but feels a bit unremarkable. Performance has been consistent so far.,neutral
Exceptional jeans. Battery life is outstanding. Ordering another one for sure.,positive
Incredibly impressed with this phone. Absolutely worth the premium price tag. Five stars easily.,positive
The suit is pathetic and falls apart immediately. Arrived in damaged packaging.,negative
Absolutely love this service. Highly polished experience from start to finish. Would buy again.,positive
Just got my shirt and I am beyond satisfied. The material feels premium and durable.,positive
Worst smartwatch I have ever purchased. Required five reboots just to get started. Avoid at all costs.,negative
Paid premium price for a terrible dashboard. Fits terribly and is extremely uncomfortable. Outrageous.,negative
Worst customer service I have ever purchased. Battery drains completely in under an hour. Avoid at all costs.,negative
Outstanding sandwich. Delivery was faster than expected. Highly recommend to everyone.,positive
The speaker is shoddy and falls apart immediately. Materials feel like cheap plastic.,negative
Save your money. This burger is shoddy junk. Design looks nothing like the photos.,negative
"Used the suit for the first use now. Meets the stated specifications, nothing more. It is holding up okay.",neutral
The charger is functional but unremarkable. Colors are acceptable but a bit washed out.,neutral
Worst keyboard I have ever purchased. Design looks nothing like the photos. Avoid at all costs.,negative
The coffee does the job. Sizing runs slightly small but wearable. Would consider other options next time.,neutral
I was skeptical at first but this keyboard truly delivered. Highly polished experience from start to finish.,positive
The service is functional but unremarkable. Sizing runs slightly small but wearable.,neutral
"Not bad, not great. The pasta is a middle-of-the-road product. Represents fair value but not great value.",neutral
Genuinely amazed by the quality of this earbuds. Highly polished experience from start to finish.,positive
Cheap build quality and pathetic results. This boots is a disaster.,negative
Do not buy this laptop. Materials feel like cheap plastic. Absolute garbage.,negative
Cannot believe how good this help desk is for the price. Exceeded the listed specifications.,positive
This response damaged my property. Arrived in damaged packaging. Completely unacceptable.,negative
"Average tool. Performance is consistent but not impressive. Does what it is supposed to, nothing more.",neutral
Top tier coffee. Customer support was extremely responsive. You will not be disappointed.,positive
Just got my salad and I am beyond satisfied. No issues whatsoever after extended use.,positive
I cannot believe this feature is sold legally. Delivery was two weeks late. Disgraceful.,negative
Used the boots for the first use now. Interface is functional but dated. It is holding up okay.,neutral
Exceptional meal. The interface is intuitive and smooth. Ordering another one for sure.,positive
I was skeptical at first but this dish truly delivered. Battery life is outstanding.,positive
Customer service was unhelpful when my delivery malfunctioned. Performance degraded rapidly within days.,negative
Used the coat for three days now. Performance has been consistent so far. It is holding up okay.,neutral
Decent enough help desk for the price. Features work but feel unpolished. Fine if you are on a budget.,neutral
Somewhat satisfied with the router. Sizing runs slightly small but wearable. Room for improvement.,neutral
Mediocre salad. Experience is fine for basic use cases. There are probably better options out there.,neutral
Horrible experience. The interface failed to do what it promised. Battery drains completely in under an hour.,negative
Exceptional laptop. Highly polished experience from start to finish. Ordering another one for sure.,positive
Acceptable quality for the price. The jeans is acceptable. Materials feel standard for the price.,neutral
Paid premium price for a shoddy suit. Interface crashes constantly. Outrageous.,negative
Genuinely amazed by the quality of this experience. The design is sleek and elegant.,positive
"Premium feel, premium results. This dashboard is flawless in every way.",positive
Top tier dashboard. Performance is lightning fast. You will not be disappointed.,positive
"Wow, this phone blew me away. No issues whatsoever after extended use. Will definitely recommend.",positive
Do not buy this interface. Absolutely not worth any amount of money. Absolute garbage.,negative
The headphones is functional but unremarkable. Design is generic but inoffensive.,neutral
Horrible experience. The experience failed to do what it promised. Required five reboots just to get started.,negative
The interface is functional but unremarkable. Colors are acceptable but a bit washed out.,neutral
Returned this plugin immediately. Materials feel like cheap plastic. Total scam.,negative
Neutral opinion on this delivery. Represents fair value but not great value. Not excited but not upset either.,neutral
The app is passable. Performance is consistent but not impressive. Not something I would gift someone.,neutral
Somewhat satisfied with the pizza. Represents fair value but not great value. Room for improvement.,neutral
Ordered the product for a special occasion. It arrived broken. Colors are dull and inaccurate.,negative
Genuinely amazed by the quality of this software. Highly polished experience from start to finish.,positive
Genuinely amazed by the quality of this plugin. Setup was incredibly easy.,positive
Acceptable quality for the price. The headphones is average. Setup took a fair amount of time.,neutral
Horrible experience. The charger failed to do what it promised. Performance degraded rapidly within days.,negative
Regret buying this dessert every single day. Fits terribly and is extremely uncomfortable.,negative
False advertising. This sandwich is nothing like described. Failed completely after less than a week.,negative
Terrible charger. Absolutely not worth any amount of money. Complete waste of money.,negative
Exceptional food. Battery life is outstanding. Ordering another one for sure.,positive
Cannot believe how good this hat is for the price. Battery life is outstanding.,positive
For casual use the customer service is fine. Customer support responded after a few days. Power users may want more.,neutral
Regret buying this service every single day. Battery drains completely in under an hour.,negative
Best decision I made this year was buying this suit. Exceeded the listed specifications.,positive
Save your money. This meal is appalling junk. Failed completely after less than a week.,negative
The coat is terrible and poorly-made. Design looks nothing like the photos. Very upset.,negative
Neutral opinion on this staff. Sound is okay for background listening. Not excited but not upset either.,neutral
The subscription stopped working after two days. Absolutely not worth any amount of money. Unacceptable.,negative
My service arrived quickly and works flawlessly. The design is sleek and elegant.,positive
Do not buy this sushi. Design looks nothing like the photos. Absolute garbage.,negative
Horrible experience. The shipping failed to do what it promised. Customer support was completely useless.,negative
Paid premium price for a worthless coat. Failed completely after less than a week. Outrageous.,negative
Terrible boots. Delivery was two weeks late. Complete waste of money.,negative
"Not bad, not great. The customer service is a middle-of-the-road product. Setup took a fair amount of time.",neutral
"Average shipping. Represents fair value but not great value. Does what it is supposed to, nothing more.",neutral
"Nothing wrong with the monitor per se, but Build quality is about average. Just underwhelming.",neutral
My restaurant arrived quickly and works flawlessly. Packaging was superb.,positive
The pasta is even better than advertised. Works seamlessly right out of the box.,positive
"Not bad, not great. The customer service is a middle-of-the-road product. Build quality is about average.",neutral
The software is even better than advertised. Every feature works as advertised.,positive
The customer service has its pros and cons. Build quality is about average. Ends up being about average.,neutral
I cannot believe this software is sold legally. Build quality is shockingly poor. Disgraceful.,negative
So happy with my purchase. The platform is fantastic and responsive.,positive
Worst food I have ever purchased. Performance degraded rapidly within days. Avoid at all costs.,negative
This salad broke within one month. Riddled with bugs and glitches throughout. Never buying again.,negative
The earbuds meets basic expectations. Experience is fine for basic use cases. Would not rave about it.,neutral
Acceptable quality for the price. The response is acceptable. Setup took a fair amount of time.,neutral
Received my charger on time. Took some time to get working properly. Functionality is about average.,neutral
This sandwich broke within two weeks. Specs listed are completely fabricated. Never buying again.,negative
Ordered the tablet for a special occasion. It arrived broken. Design looks nothing like the photos.,negative
Customer service was unhelpful when my sushi malfunctioned. Fits terribly and is extremely uncomfortable.,negative
Worst phone I have ever purchased. Required five reboots just to get started. Avoid at all costs.,negative
"Nothing wrong with the response per se, but Colors are acceptable but a bit washed out. Just underwhelming.",neutral
Acceptable quality for the price. The phone is middling. Interface is functional but dated.,neutral
Paid premium price for a terrible delivery. Performance is unbearably slow. Outrageous.,negative
The boots works as described. Delivery arrived within the estimated window. Nothing to write home about.,neutral
The update is functional but unremarkable. Colors are acceptable but a bit washed out.,neutral
Cannot believe how good this staff is for the price. Packaging was superb.,positive
Worst software I have ever purchased. Interface crashes constantly. Avoid at all costs.,negative
Horrible experience. The platform failed to do what it promised. Delivery was two weeks late.,negative
"Used the staff for the first use now. Meets the stated specifications, nothing more. It is holding up okay.",neutral
"Wow, this shipping blew me away. Colors are vibrant and accurate. Will definitely recommend.",positive
So happy with my purchase. The staff is outstanding and efficient.,positive
Ordered the bag for a special occasion. It arrived broken. Interface crashes constantly.,negative
The shirt is okay. Took some time to get working properly. Nothing special but gets the job done.,neutral
The delivery is passable. Performance is acceptable for the price point. Not something I would gift someone.,neutral
Top tier shoes. No issues whatsoever after extended use. You will not be disappointed.,positive
"Not bad, not great. The help desk is a middle-of-the-road product. Setup took a fair amount of time.",neutral
Worst dress I have ever purchased. Absolutely not worth any amount of money. Avoid at all costs.,negative
The headphones is broken and falls apart immediately. Half the advertised features do not function.,negative
Acceptable quality for the price. The team is average. Design is generic but inoffensive.,neutral
Best decision I made this year was buying this dish. Performance is lightning fast.,positive
Solid build quality and excellent performance. This earbuds delivers.,positive
Genuinely amazed by the quality of this feature. The design is sleek and elegant.,positive
Solid build quality and remarkable performance. This subscription delivers.,positive
This is hands down the best plugin I have ever owned. Delivery was faster than expected.,positive
The tablet is even better than advertised. Every feature works as advertised.,positive
The meal is okay. Performance has been consistent so far. Nothing special but gets the job done.,neutral
Save your money. This monitor is awful junk. Interface crashes constantly.,negative
The shoes does the job. Performance is acceptable for the price point. Would consider other options next time.,neutral
Regret buying this service every single day. Colors are dull and inaccurate.,negative
This is hands down the best app I have ever owned. Fits perfectly and feels comfortable.,positive
Neutral opinion on this delivery. Features work but feel unpolished. Not excited but not upset either.,neutral
This tablet broke within a week. Colors are dull and inaccurate. Never buying again.,negative
Cannot believe how good this feature is for the price. Build quality is phenomenal.,positive
"Premium feel, premium results. This tool is exceptional in every way.",positive
Exceptional app. Customer support was extremely responsive. Ordering another one for sure.,positive
Genuinely amazed by the quality of this earbuds. The interface is intuitive and smooth.,positive
Worth every penny. This monitor is flawless and responsive.,positive
Outstanding keyboard. Exceeded the listed specifications. Highly recommend to everyone.,positive
So happy with my purchase. The boots is superb and powerful.,positive
This plugin damaged my property. Setup took hours and still did not work. Completely unacceptable.,negative
Worth every penny. This help desk is impressive and well-crafted.,positive
Regret buying this hoodie every single day. Interface crashes constantly.,negative
This shirt broke within the first use. Interface crashes constantly. Never buying again.,negative
Neutral opinion on this burger. Customer support responded after a few days. Not excited but not upset either.,neutral
The shoes stopped working after one month. Delivery was two weeks late. Unacceptable.,negative
Decent enough keyboard for the price. Delivery arrived within the estimated window. Fine if you are on a budget.,neutral
Just got my restaurant and I am beyond satisfied. The design is sleek and elegant.,positive
"I have mixed feelings about this update. Packaging was standard. Some good, some bad.",neutral
Somewhat satisfied with the boots. Interface is functional but dated. Room for improvement.,neutral
"Nothing wrong with the monitor per se, but Customer support responded after a few days. Just underwhelming.",neutral
The smartwatch works as described. Took some time to get working properly. Nothing to write home about.,neutral
Received my suit on time. Sizing runs slightly small but wearable. Functionality is about average.,neutral
"Premium feel, premium results. This software is outstanding in every way.",positive
Cannot believe how good this shipping is for the price. Works seamlessly right out of the box.,positive
I cannot believe this headphones is sold legally. Arrived in damaged packaging. Disgraceful.,negative
Used the pasta for a few uses now. Represents fair value but not great value. It is holding up okay.,neutral
Ordered the speaker for a special occasion. It arrived broken. Required five reboots just to get started.,negative
Zero stars if I could. The camera is abysmal and weak. Design looks nothing like the photos.,negative
I cannot believe this app is sold legally. Materials feel like cheap plastic. Disgraceful.,negative
This experience damaged my property. Setup took hours and still did not work. Completely unacceptable.,negative
This burger damaged my property. Setup took hours and still did not work. Completely unacceptable.,negative
The router exceeded every expectation I had. Exceeded the listed specifications.,positive
The service works but feels a bit standard. Performance is acceptable for the price point.,neutral
I was skeptical at first but this API truly delivered. Performance improvement was immediately noticeable.,positive
Exceptional pasta. Build quality is phenomenal. Ordering another one for sure.,positive
Somewhat satisfied with the suit. Sound is okay for background listening. Room for improvement.,neutral
For casual use the meal is fine. Features work but feel unpolished. Power users may want more.,neutral
The dress is okay. Packaging was standard. Nothing special but gets the job done.,neutral
The feature is even better than advertised. Highly polished experience from start to finish.,positive
"Wow, this pasta blew me away. Colors are vibrant and accurate. Will definitely recommend.",positive
I was skeptical at first but this sushi truly delivered. Fits perfectly and feels comfortable.,positive
The monitor meets basic expectations. Features work but feel unpolished. Would not rave about it.,neutral
Do not buy this hat. Required five reboots just to get started. Absolute garbage.,negative
Best decision I made this year was buying this platform. Customer support was extremely responsive.,positive
Extremely disappointed with this shirt. Materials feel like cheap plastic.,negative
Acceptable quality for the price. The meal is passable. Interface is functional but dated.,neutral
"Average pizza. Customer support responded after a few days. Does what it is supposed to, nothing more.",neutral
The speaker is defective and falls apart immediately. Design looks nothing like the photos.,negative
Worst sandwich I have ever purchased. Customer support was completely useless. Avoid at all costs.,negative
Top tier jeans. Performance improvement was immediately noticeable. You will not be disappointed.,positive
Regret buying this pasta every single day. Interface crashes constantly.,negative
Paid premium price for a appalling suit. Performance degraded rapidly within days. Outrageous.,negative
The delivery is even better than advertised. The design is sleek and elegant.,positive
Mediocre suit. Interface is functional but dated. There are probably better options out there.,neutral
Genuinely amazed by the quality of this coat. Highly polished experience from start to finish.,positive
For casual use the tablet is fine. Customer support responded after a few days. Power users may want more.,neutral
The coffee is passable. Materials feel standard for the price. Not something I would gift someone.,neutral
Horrible experience. The jacket failed to do what it promised. Absolutely not worth any amount of money.,negative
Terrible keyboard. Performance is unbearably slow. Complete waste of money.,negative
Horrible experience. The shipping failed to do what it promised. Half the advertised features do not function.,negative
I bought this jeans as a gift and the recipient loved it. Setup was incredibly easy.,positive
The plugin meets basic expectations. Delivery arrived within the estimated window. Would not rave about it.,neutral
Somewhat satisfied with the sneakers. Experience is fine for basic use cases. Room for improvement.,neutral
"Wow, this salad blew me away. Performance improvement was immediately noticeable. Will definitely recommend.",positive
The customer service is dreadful and falls apart immediately. Customer support was completely useless.,negative
The speaker is appalling and unfinished. Performance is unbearably slow. Very upset.,negative
Somewhat satisfied with the hoodie. Delivery arrived within the estimated window. Room for improvement.,neutral
The interface stopped working after two days. Materials feel like cheap plastic. Unacceptable.,negative
Zero stars if I could. The charger is pathetic and inefficient. Performance degraded rapidly within days.,negative
Acceptable quality for the price. The jacket is unremarkable. Delivery arrived within the estimated window.,neutral
Extremely disappointed with this team. Customer support was completely useless.,negative
The meal exceeded every expectation I had. Sound quality is crystal clear.,positive
Used the keyboard for a few uses now. Experience is fine for basic use cases. It is holding up okay.,neutral
Outstanding sneakers. Setup was incredibly easy. Highly recommend to everyone.,positive
Acceptable quality for the price. The coat is middling. Experience is fine for basic use cases.,neutral
Incredibly impressed with this keyboard. Colors are vibrant and accurate. Five stars easily.,positive
Best decision I made this year was buying this delivery. Packaging was superb.,positive
The phone is even better than advertised. Delivery was faster than expected.,positive
Genuinely amazed by the quality of this shirt. Setup was incredibly easy.,positive
Regret buying this suit every single day. Arrived in damaged packaging.,negative
The meal is functional but unremarkable. Features work but feel unpolished.,neutral
Regret buying this sneakers every single day. Delivery was two weeks late.,negative
Do not buy this tablet. Specs listed are completely fabricated. Absolute garbage.,negative
The coffee is okay. Packaging was standard. Nothing special but gets the job done.,neutral
Used the tool for two weeks now. Battery life is neither great nor terrible. It is holding up okay.,neutral
This speaker damaged my property. Battery drains completely in under an hour. Completely unacceptable.,negative
Genuinely amazed by the quality of this update. Performance is lightning fast.,positive
Outstanding phone. Performance is lightning fast. Highly recommend to everyone.,positive
"Not bad, not great. The hat is a middle-of-the-road product. Performance is acceptable for the price point.",neutral
The staff is passable. Materials feel standard for the price. Not something I would gift someone.,neutral
This sneakers damaged my property. Performance degraded rapidly within days. Completely unacceptable.,negative
I bought this monitor as a gift and the recipient loved it. Exceeded the listed specifications.,positive
Zero stars if I could. The charger is dreadful and weak. Design looks nothing like the photos.,negative
Returned this dashboard immediately. Colors are dull and inaccurate. Total scam.,negative
Genuinely amazed by the quality of this staff. Exceeded the listed specifications.,positive
Exceptional laptop. The interface is intuitive and smooth. Ordering another one for sure.,positive
"I have mixed feelings about this restaurant. Setup took a fair amount of time. Some good, some bad.",neutral
False advertising. This update is nothing like described. Riddled with bugs and glitches throughout.,negative
This is hands down the best platform I have ever owned. Works seamlessly right out of the box.,positive
The jeans has its pros and cons. Setup took a fair amount of time. Ends up being about average.,neutral
This is hands down the best sneakers I have ever owned. Build quality is phenomenal.,positive
Worth every penny. This keyboard is fantastic and well-crafted.,positive
Customer service was unhelpful when my staff malfunctioned. Delivery was two weeks late.,negative
The hat is awful and unfinished. Build quality is shockingly poor. Very upset.,negative
Save your money. This pizza is broken junk. Absolutely not worth any amount of money.,negative
The keyboard is okay. Materials feel standard for the price. Nothing special but gets the job done.,neutral
Returned this dashboard immediately. Delivery was two weeks late. Total scam.,negative
The sandwich is okay. Features work but feel unpolished. Nothing special but gets the job done.,neutral
The router exceeded every expectation I had. Colors are vibrant and accurate.,positive
Neutral opinion on this API. Packaging was standard. Not excited but not upset either.,neutral
"Premium feel, premium results. This burger is outstanding in every way.",positive
The sandwich does the job. Setup took a fair amount of time. Would consider other options next time.,neutral
Used the customer service for two weeks now. Customer support responded after a few days. It is holding up okay.,neutral
"Average feature. Experience is fine for basic use cases. Does what it is supposed to, nothing more.",neutral
"Premium feel, premium results. This hat is impressive in every way.",positive
Neutral opinion on this headphones. Performance has been consistent so far. Not excited but not upset either.,neutral
Horrible experience. The tablet failed to do what it promised. Half the advertised features do not function.,negative
So happy with my purchase. The speaker is brilliant and well-crafted.,positive
Mediocre hoodie. Colors are acceptable but a bit washed out. There are probably better options out there.,neutral
Exceptional headphones. Performance improvement was immediately noticeable. Ordering another one for sure.,positive
The platform is functional but unremarkable. Experience is fine for basic use cases.,neutral
Ordered the shirt for a special occasion. It arrived broken. Sound is distorted and full of static.,negative
My shipping arrived quickly and works flawlessly. No issues whatsoever after extended use.,positive
"Wow, this coffee blew me away. Packaging was superb. Will definitely recommend.",positive
The sandwich is passable. Colors are acceptable but a bit washed out. Not something I would gift someone.,neutral
I was skeptical at first but this smartwatch truly delivered. Exceeded the listed specifications.,positive
Worst speaker I have ever purchased. Fits terribly and is extremely uncomfortable. Avoid at all costs.,negative
I cannot believe this restaurant is sold legally. Setup took hours and still did not work. Disgraceful.,negative
I cannot believe this jacket is sold legally. Customer support was completely useless. Disgraceful.,negative
Genuinely amazed by the quality of this service. Setup was incredibly easy.,positive
I was skeptical at first but this plugin truly delivered. Sound quality is crystal clear.,positive
Received my dessert on time. Features work but feel unpolished. Functionality is about average.,neutral
Used the jacket for one month now. Colors are acceptable but a bit washed out. It is holding up okay.,neutral
Worth every penny. This jeans is premium and reliable.,positive
Horrible experience. The service failed to do what it promised. Required five reboots just to get started.,negative
Top tier shoes. Performance is lightning fast. You will not be disappointed.,positive
The pasta is passable. Sound is okay for background listening. Not something I would gift someone.,neutral
Received my laptop on time. Sizing runs slightly small but wearable. Functionality is about average.,neutral
Mediocre plugin. Customer support responded after a few days. There are probably better options out there.,neutral
Mediocre meal. Design is generic but inoffensive. There are probably better options out there.,neutral
For casual use the shoes is fine. Performance is consistent but not impressive. Power users may want more.,neutral
The sushi works as described. Performance is consistent but not impressive. Nothing to write home about.,neutral
Genuinely amazed by the quality of this speaker. Packaging was superb.,positive
Mediocre customer service. Interface is functional but dated. There are probably better options out there.,neutral
For casual use the tool is fine. Features work but feel unpolished. Power users may want more.,neutral
Absolutely love this speaker. The design is sleek and elegant. Would buy again.,positive
The product is awful and falls apart immediately. Specs listed are completely fabricated.,negative
The support team is defective and falls apart immediately. Setup took hours and still did not work.,negative
I bought this dashboard as a gift and the recipient loved it. Absolutely worth the premium price tag.,positive
The pizza stopped working after the first use. Performance degraded rapidly within days. Unacceptable.,negative
The hat is worthless and falls apart immediately. Interface crashes constantly.,negative
Genuinely amazed by the quality of this interface. Fits perfectly and feels comfortable.,positive
Horrible experience. The subscription failed to do what it promised. Setup took hours and still did not work.,negative
"Nothing wrong with the sandwich per se, but Colors are acceptable but a bit washed out. Just underwhelming.",neutral
I cannot believe this platform is sold legally. Required five reboots just to get started. Disgraceful.,negative
The dessert exceeded every expectation I had. The material feels premium and durable.,positive
The keyboard is abysmal and falls apart immediately. Colors are dull and inaccurate.,negative
Cannot believe how good this burger is for the price. Packaging was superb.,positive
Zero stars if I could. The bag is awful and unresponsive. Sound is distorted and full of static.,negative
Top tier dish. The design is sleek and elegant. You will not be disappointed.,positive
Worst salad I have ever purchased. Performance degraded rapidly within days. Avoid at all costs.,negative
Save your money. This pasta is shoddy junk. Setup took hours and still did not work.,negative
My tablet arrived quickly and works flawlessly. Performance improvement was immediately noticeable.,positive
Paid premium price for a worthless camera. Failed completely after less than a week. Outrageous.,negative
I cannot believe this headphones is sold legally. Materials feel like cheap plastic. Disgraceful.,negative
The tablet is defective and falls apart immediately. Specs listed are completely fabricated.,negative
The earbuds does the job. Colors are acceptable but a bit washed out. Would consider other options next time.,neutral
"Nothing wrong with the delivery per se, but Battery life is neither great nor terrible. Just underwhelming.",neutral
I bought this coffee as a gift and the recipient loved it. Highly polished experience from start to finish.,positive
The delivery is passable. Sizing runs slightly small but wearable. Not something I would gift someone.,neutral
I bought this jacket as a gift and the recipient loved it. Performance improvement was immediately noticeable.,positive
The coat is broken and falls apart immediately. Battery drains completely in under an hour.,negative
So happy with my purchase. The router is impressive and reliable.,positive
The product has its pros and cons. Setup took a fair amount of time. Ends up being about average.,neutral
Extremely disappointed with this laptop. Fits terribly and is extremely uncomfortable.,negative
Ordered the keyboard for a special occasion. It arrived broken. Arrived in damaged packaging.,negative
The earbuds is even better than advertised. The interface is intuitive and smooth.,positive
Worst suit I have ever purchased. Delivery was two weeks late. Avoid at all costs.,negative
"Nothing wrong with the earbuds per se, but Sizing runs slightly small but wearable. Just underwhelming.",neutral
The platform meets basic expectations. Customer support responded after a few days. Would not rave about it.,neutral
So happy with my purchase. The earbuds is impressive and powerful.,positive
Used the laptop for four days now. Packaging was standard. It is holding up okay.,neutral
I cannot believe this shipping is sold legally. Fits terribly and is extremely uncomfortable. Disgraceful.,negative
The API works but feels a bit middling. Delivery arrived within the estimated window.,neutral
I was skeptical at first but this plugin truly delivered. Fits perfectly and feels comfortable.,positive
Cheap build quality and broken results. This smartwatch is a disaster.,negative
False advertising. This tool is nothing like described. Specs listed are completely fabricated.,negative
Incredibly impressed with this phone. Works seamlessly right out of the box. Five stars easily.,positive
"Wow, this interface blew me away. The interface is intuitive and smooth. Will definitely recommend.",positive
"The shoes is functional but unremarkable. Meets the stated specifications, nothing more.",neutral
Acceptable quality for the price. The feature is middling. Design is generic but inoffensive.,neutral
"The sushi is functional but unremarkable. Meets the stated specifications, nothing more.",neutral
The team meets basic expectations. Delivery arrived within the estimated window. Would not rave about it.,neutral
The hoodie stopped working after two days. Interface crashes constantly. Unacceptable.,negative
The smartwatch exceeded every expectation I had. The interface is intuitive and smooth.,positive
Decent enough salad for the price. Build quality is about average. Fine if you are on a budget.,neutral
Solid build quality and remarkable performance. This tablet delivers.,positive
Used the meal for one month now. Sound is okay for background listening. It is holding up okay.,neutral
Paid premium price for a worthless coat. Materials feel like cheap plastic. Outrageous.,negative
"Premium feel, premium results. This phone is outstanding in every way.",positive
Just got my coffee and I am beyond satisfied. Performance is lightning fast.,positive
Worth every penny. This plugin is premium and powerful.,positive
Neutral opinion on this dashboard. Design is generic but inoffensive. Not excited but not upset either.,neutral
Worst experience I have ever purchased. Failed completely after less than a week. Avoid at all costs.,negative
The sandwich is pathetic and falls apart immediately. Build quality is shockingly poor.,negative
The meal is okay. Interface is functional but dated. Nothing special but gets the job done.,neutral
Horrible experience. The service failed to do what it promised. Fits terribly and is extremely uncomfortable.,negative
The shoes is even better than advertised. Every feature works as advertised.,positive
This suit damaged my property. Half the advertised features do not function. Completely unacceptable.,negative
I cannot believe this help desk is sold legally. Delivery was two weeks late. Disgraceful.,negative
Paid premium price for a worthless hat. Customer support was completely useless. Outrageous.,negative
The service stopped working after two days. Design looks nothing like the photos. Unacceptable.,negative
For casual use the charger is fine. Design is generic but inoffensive. Power users may want more.,neutral
Extremely disappointed with this salad. Riddled with bugs and glitches throughout.,negative
Top tier customer service. Absolutely worth the premium price tag. You will not be disappointed.,positive
Ordered the headphones for a special occasion. It arrived broken. Materials feel like cheap plastic.,negative
Save your money. This dessert is abysmal junk. Customer support was completely useless.,negative
This is hands down the best food I have ever owned. No issues whatsoever after extended use.,positive
Received my response on time. Customer support responded after a few days. Functionality is about average.,neutral
Zero stars if I could. The smartwatch is terrible and weak. Required five reboots just to get started.,negative
So happy with my purchase. The interface is outstanding and polished.,positive
Just got my jacket and I am beyond satisfied. Fits perfectly and feels comfortable.,positive
Just got my charger and I am beyond satisfied. Customer support was extremely responsive.,positive
Genuinely amazed by the quality of this jeans. No issues whatsoever after extended use.,positive
The sandwich works as described. Battery life is neither great nor terrible. Nothing to write home about.,neutral
Do not buy this router. Delivery was two weeks late. Absolute garbage.,negative
The experience exceeded every expectation I had. Highly polished experience from start to finish.,positive
"Average headphones. Setup took a fair amount of time. Does what it is supposed to, nothing more.",neutral
"I have mixed feelings about this software. Colors are acceptable but a bit washed out. Some good, some bad.",neutral
Mediocre dessert. Battery life is neither great nor terrible. There are probably better options out there.,neutral
Regret buying this team every single day. Arrived in damaged packaging.,negative
Best decision I made this year was buying this customer service. Absolutely worth the premium price tag.,positive
The jacket is functional but unremarkable. Represents fair value but not great value.,neutral
Regret buying this food every single day. Sound is distorted and full of static.,negative
Somewhat satisfied with the experience. Materials feel standard for the price. Room for improvement.,neutral
Absolutely love this tablet. Performance is lightning fast. Would buy again.,positive
The hat works but feels a bit standard. Battery life is neither great nor terrible.,neutral
Received my sushi on time. Packaging was standard. Functionality is about average.,neutral
The delivery is awful and falls apart immediately. Sound is distorted and full of static.,negative
"Nothing wrong with the coat per se, but Customer support responded after a few days. Just underwhelming.",neutral
"Premium feel, premium results. This keyboard is flawless in every way.",positive
Received my response on time. Experience is fine for basic use cases. Functionality is about average.,neutral
The keyboard is functional but unremarkable. Materials feel standard for the price.,neutral
Cheap build quality and abysmal results. This platform is a disaster.,negative
Incredibly impressed with this jacket. No issues whatsoever after extended use. Five stars easily.,positive
Do not buy this delivery. Design looks nothing like the photos. Absolute garbage.,negative
Customer service was unhelpful when my restaurant malfunctioned. Setup took hours and still did not work.,negative
"Average subscription. Sound is okay for background listening. Does what it is supposed to, nothing more.",neutral
Worst dashboard I have ever purchased. Half the advertised features do not function. Avoid at all costs.,negative
Worst boots I have ever purchased. Riddled with bugs and glitches throughout. Avoid at all costs.,negative
False advertising. This dress is nothing like described. Performance degraded rapidly within days.,negative
Used the jeans for three days now. Customer support responded after a few days. It is holding up okay.,neutral
"Wow, this tablet blew me away. The interface is intuitive and smooth. Will definitely recommend.",positive
Incredibly impressed with this tool. Setup was incredibly easy. Five stars easily.,positive
I bought this hat as a gift and the recipient loved it. Fits perfectly and feels comfortable.,positive
Regret buying this delivery every single day. Setup took hours and still did not work.,negative
False advertising. This phone is nothing like described. Performance degraded rapidly within days.,negative
The phone does the job. Took some time to get working properly. Would consider other options next time.,neutral
Top tier burger. Sound quality is crystal clear. You will not be disappointed.,positive
Decent enough jacket for the price. Battery life is neither great nor terrible. Fine if you are on a budget.,neutral
The dashboard works as described. Took some time to get working properly. Nothing to write home about.,neutral
My shoes arrived quickly and works flawlessly. Fits perfectly and feels comfortable.,positive
The phone exceeded every expectation I had. The design is sleek and elegant.,positive
Acceptable quality for the price. The shoes is ordinary. Design is generic but inoffensive.,neutral
Cheap build quality and worthless results. This subscription is a disaster.,negative
The update does the job. Setup took a fair amount of time. Would consider other options next time.,neutral
I was skeptical at first but this pasta truly delivered. Colors are vibrant and accurate.,positive
Returned this monitor immediately. Battery drains completely in under an hour. Total scam.,negative
"Wow, this speaker blew me away. Colors are vibrant and accurate. Will definitely recommend.",positive
The coat stopped working after a few uses. Riddled with bugs and glitches throughout. Unacceptable.,negative
The software has its pros and cons. Took some time to get working properly. Ends up being about average.,neutral
Decent enough help desk for the price. Sound is okay for background listening. Fine if you are on a budget.,neutral
For casual use the tablet is fine. Battery life is neither great nor terrible. Power users may want more.,neutral
Extremely disappointed with this shoes. Failed completely after less than a week.,negative
For casual use the staff is fine. Represents fair value but not great value. Power users may want more.,neutral
The monitor meets basic expectations. Interface is functional but dated. Would not rave about it.,neutral
The smartwatch works but feels a bit so-so. Performance has been consistent so far.,neutral
Solid build quality and impressive performance. This app delivers.,positive
Regret buying this experience every single day. Arrived in damaged packaging.,negative
My software arrived quickly and works flawlessly. Performance improvement was immediately noticeable.,positive
Received my salad on time. Performance is consistent but not impressive. Functionality is about average.,neutral
Horrible experience. The update failed to do what it promised. Battery drains completely in under an hour.,negative
The camera is passable. Experience is fine for basic use cases. Not something I would gift someone.,neutral
Regret buying this shoes every single day. Absolutely not worth any amount of money.,negative
Outstanding service. Fits perfectly and feels comfortable. Highly recommend to everyone.,positive
Worth every penny. This monitor is remarkable and powerful.,positive
The coffee is dreadful and inefficient. Absolutely not worth any amount of money. Very upset.,negative
Top tier interface. Build quality is phenomenal. You will not be disappointed.,positive
The speaker is worthless and unfinished. Failed completely after less than a week. Very upset.,negative
"Premium feel, premium results. This suit is fantastic in every way.",positive
The interface is broken and unreliable. Required five reboots just to get started. Very upset.,negative
The staff works as described. Sound is okay for background listening. Nothing to write home about.,neutral
Neutral opinion on this jacket. Represents fair value but not great value. Not excited but not upset either.,neutral
This camera broke within one month. Specs listed are completely fabricated. Never buying again.,negative
Somewhat satisfied with the phone. Performance is consistent but not impressive. Room for improvement.,neutral
Incredibly impressed with this coat. Setup was incredibly easy. Five stars easily.,positive
Top tier staff. The material feels premium and durable. You will not be disappointed.,positive
Worth every penny. This speaker is impressive and powerful.,positive
Cannot believe how good this service is for the price. Works seamlessly right out of the box.,positive
Worth every penny. This coat is flawless and responsive.,positive
The dashboard is even better than advertised. Battery life is outstanding.,positive
Horrible experience. The monitor failed to do what it promised. Design looks nothing like the photos.,negative
Absolutely love this coat. Absolutely worth the premium price tag. Would buy again.,positive
The phone is okay. Interface is functional but dated. Nothing special but gets the job done.,neutral
Just got my interface and I am beyond satisfied. Performance is lightning fast.,positive
"Not bad, not great. The restaurant is a middle-of-the-road product. Performance has been consistent so far.",neutral
This is hands down the best update I have ever owned. Customer support was extremely responsive.,positive
False advertising. This platform is nothing like described. Battery drains completely in under an hour.,negative
Top tier feature. Highly polished experience from start to finish. You will not be disappointed.,positive
Regret buying this delivery every single day. Design looks nothing like the photos.,negative
Neutral opinion on this help desk. Packaging was standard. Not excited but not upset either.,neutral
The shoes works but feels a bit unremarkable. Materials feel standard for the price.,neutral
Solid build quality and premium performance. This support team delivers.,positive
Acceptable quality for the price. The support team is average. Performance has been consistent so far.,neutral
Customer service was unhelpful when my bag malfunctioned. Sound is distorted and full of static.,negative
The platform works as described. Performance is consistent but not impressive. Nothing to write home about.,neutral
My pasta arrived quickly and works flawlessly. Sound quality is crystal clear.,positive
Customer service was unhelpful when my speaker malfunctioned. Setup took hours and still did not work.,negative
The sneakers has its pros and cons. Materials feel standard for the price. Ends up being about average.,neutral
The laptop is even better than advertised. The interface is intuitive and smooth.,positive
Ordered the delivery for a special occasion. It arrived broken. Sound is distorted and full of static.,negative
Absolutely love this dessert. Exceeded the listed specifications. Would buy again.,positive
This shoes broke within four days. Materials feel like cheap plastic. Never buying again.,negative
Just got my headphones and I am beyond satisfied. Delivery was faster than expected.,positive
Somewhat satisfied with the suit. Setup took a fair amount of time. Room for improvement.,neutral
